{
  "sector": {
    "name": "Sectors",
    "number": 4,
    "distribution": [
      {
        "sector": "Public Hospital",
        "number": 398
      },
      {
        "sector": "School Board",
        "number": 4958
      },
      {
        "sector": "Post-Secondary Educational Institution",
        "number": 769
      },
      {
        "sector": "Municipal",
        "number": 10824
      }
    ]
  },
  "sub_sector": {
    "name": "Sub_Sectors",
    "number": 8,
    "distribution": [
      {
        "sub_sector": "Acute/Chronic Hospital",
        "number": 311
      },
      {
        "sub_sector": "School Board",
        "number": 4958
      },
      {
        "sub_sector": "University",
        "number": 236
      },
      {
        "sub_sector": "College",
        "number": 533
      },
      {
        "sub_sector": "Acute Hospital",
        "number": 52
      },
      {
        "sub_sector": "Municipality",
        "number": 10756
      },
      {
        "sub_sector": "Chronic Hospital",
        "number": 35
      },
      {
        "sub_sector": "Municipal Service Board",
        "number": 68
      }
    ]
  },
  "operation_type": {
    "name": "Operation_Types",
    "number": 34,
    "distribution": [
      {
        "operation_type": "Facilities used for hospital purposes",
        "number": 272
      },
      {
        "operation_type": "School",
        "number": 4755
      },
      {
        "operation_type": "Administrative offices and related facilities",
        "number": 465
      },
      {
        "operation_type": "Classrooms and related facilities",
        "number": 257
      },
      {
        "operation_type": "Laboratories",
        "number": 126
      },
      {
        "operation_type": "Library",
        "number": 52
      },
      {
        "operation_type": "Student recreational facilities and athletic facilities",
        "number": 43
      },
      {
        "operation_type": "Student residences",
        "number": 82
      },
      {
        "operation_type": "Other",
        "number": 1324
      },
      {
        "operation_type": "Long-term care",
        "number": 44
      },
      {
        "operation_type": "Indoor ice rinks",
        "number": 349
      },
      {
        "operation_type": "Cultural facilities",
        "number": 527
      },
      {
        "operation_type": "Police stations and associated offices and facilities",
        "number": 195
      },
      {
        "operation_type": "Public libraries",
        "number": 547
      },
      {
        "operation_type": "Administrative offices and related facilities, including municipal council chambers",
        "number": 1177
      },
      {
        "operation_type": "Performing arts facilities",
        "number": 41
      },
      {
        "operation_type": "Community centres",
        "number": 1016
      },
      {
        "operation_type": "Storage facilities where equipment or vehicles are maintained, repaired or stored",
        "number": 1266
      },
      {
        "operation_type": "Fire stations and associated offices and facilities",
        "number": 1126
      },
      {
        "operation_type": "Facilities related to the pumping of water",
        "number": 480
      },
      {
        "operation_type": "Art galleries",
        "number": 26
      },
      {
        "operation_type": "Street lighting",
        "number": 204
      },
      {
        "operation_type": "Facilities related to the treatment of water",
        "number": 448
      },
      {
        "operation_type": "Facilities related to the treatment of sewage",
        "number": 329
      },
      {
        "operation_type": "Indoor recreational facilities",
        "number": 366
      },
      {
        "operation_type": "Gyms and indoor courts for playing tennis, basketball or other sports",
        "number": 43
      },
      {
        "operation_type": "Indoor sports arenas",
        "number": 96
      },
      {
        "operation_type": "Parking garages",
        "number": 180
      },
      {
        "operation_type": "Ambulance stations and associated offices and facilities",
        "number": 281
      },
      {
        "operation_type": "Facilities related to the pumping of sewage",
        "number": 667
      },
      {
        "operation_type": "Indoor swimming pools",
        "number": 89
      },
      {
        "operation_type": "Auditoriums",
        "number": 16
      },
      {
        "operation_type": "Social housing",
        "number": 54
      },
      {
        "operation_type": "Parking garage",
        "number": 6
      }
    ]
  },
  "city": {
    "name": "Cities",
    "number": 1310,
    "distribution": [
      {
        "city": "Ingersoll",
        "number": 31
      },
      {
        "city": "Alexandria",
        "number": 8
      },
      {
        "city": "Sault Ste. Marie",
        "number": 105
      },
      {
        "city": "Desbarats",
        "number": 5
      },
      {
        "city": "Elliot Lake",
        "number": 31
      },
      {
        "city": "Chapleau",
        "number": 18
      },
      {
        "city": "Hornepayne",
        "number": 15
      },
      {
        "city": "Goulais River",
        "number": 1
      },
      {
        "city": "Richards Landing",
        "number": 11
      },
      {
        "city": "Bruce Mines",
        "number": 12
      },
      {
        "city": "Blind River",
        "number": 6
      },
      {
        "city": "Echo Bay",
        "number": 13
      },
      {
        "city": "Wawa",
        "number": 20
      },
      {
        "city": "Missanabie",
        "number": 1
      },
      {
        "city": "Serpent River",
        "number": 3
      },
      {
        "city": "Thessalon",
        "number": 14
      },
      {
        "city": "Sault Ste Marie",
        "number": 7
      },
      {
        "city": "Pembroke",
        "number": 60
      },
      {
        "city": "Ottawa",
        "number": 577
      },
      {
        "city": "Perth",
        "number": 27
      },
      {
        "city": "Belleville",
        "number": 71
      },
      {
        "city": "Kingston",
        "number": 163
      },
      {
        "city": "Amherstview",
        "number": 13
      },
      {
        "city": "Wolfe Island",
        "number": 12
      },
      {
        "city": "Tweed",
        "number": 12
      },
      {
        "city": "Picton",
        "number": 25
      },
      {
        "city": "Whitney",
        "number": 8
      },
      {
        "city": "Shannonville",
        "number": 7
      },
      {
        "city": "Trenton",
        "number": 75
      },
      {
        "city": "Napanee",
        "number": 39
      },
      {
        "city": "Marysville",
        "number": 1
      },
      {
        "city": "Bancroft",
        "number": 39
      },
      {
        "city": "Batawa",
        "number": 3
      },
      {
        "city": "Marmora",
        "number": 28
      },
      {
        "city": "Erinsville",
        "number": 1
      },
      {
        "city": "Harrowsmith",
        "number": 3
      },
      {
        "city": "Sharbot Lake",
        "number": 7
      },
      {
        "city": "Almonte",
        "number": 25
      },
      {
        "city": "Arnprior",
        "number": 33
      },
      {
        "city": "Atikokan",
        "number": 4
      },
      {
        "city": "Stratford",
        "number": 28
      },
      {
        "city": "Hensall",
        "number": 9
      },
      {
        "city": "Lucknow",
        "number": 21
      },
      {
        "city": "Clinton",
        "number": 24
      },
      {
        "city": "Sebringville",
        "number": 4
      },
      {
        "city": "St. Pauls",
        "number": 7
      },
      {
        "city": "Atwood",
        "number": 8
      },
      {
        "city": "Exeter",
        "number": 7
      },
      {
        "city": "Gorrie",
        "number": 7
      },
      {
        "city": "Londesboro",
        "number": 1
      },
      {
        "city": "St. Marys",
        "number": 6
      },
      {
        "city": "Wingham",
        "number": 26
      },
      {
        "city": "Milverton",
        "number": 3
      },
      {
        "city": "Listowel",
        "number": 15
      },
      {
        "city": "Ethel",
        "number": 3
      },
      {
        "city": "Shakespeare",
        "number": 1
      },
      {
        "city": "Mitchell",
        "number": 21
      },
      {
        "city": "Goderich",
        "number": 36
      },
      {
        "city": "Brucefield",
        "number": 4
      },
      {
        "city": "Newton",
        "number": 1
      },
      {
        "city": "Seaforth",
        "number": 9
      },
      {
        "city": "Crediton",
        "number": 1
      },
      {
        "city": "Barrie",
        "number": 95
      },
      {
        "city": "Killaloe",
        "number": 8
      },
      {
        "city": "Barry's Bay",
        "number": 17
      },
      {
        "city": "Owen Sound",
        "number": 114
      },
      {
        "city": "Sauble Beach",
        "number": 1
      },
      {
        "city": "Tara",
        "number": 10
      },
      {
        "city": "Thornbury",
        "number": 15
      },
      {
        "city": "Markdale",
        "number": 19
      },
      {
        "city": "Chesley",
        "number": 18
      },
      {
        "city": "Hanover",
        "number": 32
      },
      {
        "city": "Holstein",
        "number": 2
      },
      {
        "city": "Kincardine",
        "number": 36
      },
      {
        "city": "Southampton",
        "number": 10
      },
      {
        "city": "Hepworth",
        "number": 1
      },
      {
        "city": "Teeswater",
        "number": 9
      },
      {
        "city": "Meaford",
        "number": 45
      },
      {
        "city": "Mildmay",
        "number": 7
      },
      {
        "city": "Ayton",
        "number": 6
      },
      {
        "city": "Paisley",
        "number": 12
      },
      {
        "city": "Wiarton",
        "number": 9
      },
      {
        "city": "Port Elgin",
        "number": 15
      },
      {
        "city": "Tobermory",
        "number": 11
      },
      {
        "city": "Desboro",
        "number": 3
      },
      {
        "city": "Derby",
        "number": 1
      },
      {
        "city": "Lions Head",
        "number": 1
      },
      {
        "city": "Dundalk",
        "number": 18
      },
      {
        "city": "Flesherton",
        "number": 13
      },
      {
        "city": "Holland Centre",
        "number": 2
      },
      {
        "city": "Maxwell",
        "number": 3
      },
      {
        "city": "Ripley",
        "number": 18
      },
      {
        "city": "Durham",
        "number": 32
      },
      {
        "city": "Walkerton",
        "number": 12
      },
      {
        "city": "Sudbury",
        "number": 55
      },
      {
        "city": "Windsor",
        "number": 207
      },
      {
        "city": "London",
        "number": 177
      },
      {
        "city": "Chatham",
        "number": 47
      },
      {
        "city": "Timmins",
        "number": 59
      },
      {
        "city": "Brampton",
        "number": 384
      },
      {
        "city": "Etobicoke",
        "number": 201
      },
      {
        "city": "Brantford",
        "number": 130
      },
      {
        "city": "Paris",
        "number": 29
      },
      {
        "city": "Burford",
        "number": 7
      },
      {
        "city": "Simcoe",
        "number": 33
      },
      {
        "city": "Caledonia",
        "number": 23
      },
      {
        "city": "Courtland",
        "number": 6
      },
      {
        "city": "La Salette",
        "number": 1
      },
      {
        "city": "Langton",
        "number": 12
      },
      {
        "city": "Waterford",
        "number": 13
      },
      {
        "city": "Port Dover",
        "number": 12
      },
      {
        "city": "Delhi",
        "number": 16
      },
      {
        "city": "Hagersville",
        "number": 20
      },
      {
        "city": "Dunnville",
        "number": 26
      },
      {
        "city": "Cayuga",
        "number": 16
      },
      {
        "city": "St Catharines",
        "number": 19
      },
      {
        "city": "Hamilton",
        "number": 263
      },
      {
        "city": "Brockville",
        "number": 38
      },
      {
        "city": "South Bruce",
        "number": 3
      },
      {
        "city": "Brockton",
        "number": 8
      },
      {
        "city": "Saugeen Shores",
        "number": 1
      },
      {
        "city": "West Grey",
        "number": 1
      },
      {
        "city": "Burlington",
        "number": 105
      },
      {
        "city": "Cambridge",
        "number": 131
      },
      {
        "city": "Campbellford",
        "number": 23
      },
      {
        "city": "North Bay",
        "number": 85
      },
      {
        "city": "Parry Sound",
        "number": 40
      },
      {
        "city": "Carleton Place",
        "number": 41
      },
      {
        "city": "Cornwall",
        "number": 82
      },
      {
        "city": "Williamstown",
        "number": 4
      },
      {
        "city": "Hammond",
        "number": 3
      },
      {
        "city": "Lanark",
        "number": 2
      },
      {
        "city": "Westport",
        "number": 3
      },
      {
        "city": "Long Saul",
        "number": 1
      },
      {
        "city": "Gananoque",
        "number": 15
      },
      {
        "city": "Toledo",
        "number": 3
      },
      {
        "city": "Kemptville",
        "number": 25
      },
      {
        "city": "Russell",
        "number": 24
      },
      {
        "city": "Ingleside",
        "number": 8
      },
      {
        "city": "Smiths Falls",
        "number": 28
      },
      {
        "city": "St. Andrews West",
        "number": 8
      },
      {
        "city": "Vankleek Hill",
        "number": 4
      },
      {
        "city": "Prescott",
        "number": 36
      },
      {
        "city": "Morrisburg",
        "number": 8
      },
      {
        "city": "Rockland",
        "number": 6
      },
      {
        "city": "Toronto",
        "number": 1687
      },
      {
        "city": "Elizabethtown",
        "number": 2
      },
      {
        "city": "Dryden",
        "number": 31
      },
      {
        "city": "DOWLING",
        "number": 5
      },
      {
        "city": "SUDBURY",
        "number": 92
      },
      {
        "city": "LIVELY",
        "number": 23
      },
      {
        "city": "AZILDA",
        "number": 6
      },
      {
        "city": "BEAVER LAKE",
        "number": 2
      },
      {
        "city": "WALDEN",
        "number": 1
      },
      {
        "city": "BLEZARD VALLEY",
        "number": 2
      },
      {
        "city": "CAPREOL",
        "number": 10
      },
      {
        "city": "CAPREOL ",
        "number": 1
      },
      {
        "city": "VAL CARON",
        "number": 5
      },
      {
        "city": "HANMER",
        "number": 9
      },
      {
        "city": "WHITEFISH",
        "number": 6
      },
      {
        "city": "CHELMSFORD",
        "number": 9
      },
      {
        "city": "CONISTON",
        "number": 7
      },
      {
        "city": "COPPER CLIFF",
        "number": 5
      },
      {
        "city": "ONAPING",
        "number": 4
      },
      {
        "city": "FALCONBRIDGE",
        "number": 5
      },
      {
        "city": "GARSON",
        "number": 5
      },
      {
        "city": "LEVACK",
        "number": 5
      },
      {
        "city": "NAUGHTON",
        "number": 7
      },
      {
        "city": "LIVELY ",
        "number": 2
      },
      {
        "city": "WAHNAPITAE",
        "number": 3
      },
      {
        "city": "SKEAD",
        "number": 9
      },
      {
        "city": "SUDBURY ",
        "number": 1
      },
      {
        "city": "VAL THERESE",
        "number": 3
      },
      {
        "city": "HANMER ",
        "number": 1
      },
      {
        "city": "WORTHINGTON",
        "number": 1
      },
      {
        "city": "Guelph",
        "number": 179
      },
      {
        "city": "Fergus",
        "number": 25
      },
      {
        "city": "Harriston",
        "number": 18
      },
      {
        "city": "Mount Forest",
        "number": 23
      },
      {
        "city": "Stoney Creek",
        "number": 43
      },
      {
        "city": "Ancaster",
        "number": 23
      },
      {
        "city": "Alberton",
        "number": 7
      },
      {
        "city": "Rockton",
        "number": 4
      },
      {
        "city": "Binbrook",
        "number": 11
      },
      {
        "city": "Flamborough",
        "number": 2
      },
      {
        "city": "Carlisle",
        "number": 4
      },
      {
        "city": "Waterdown",
        "number": 10
      },
      {
        "city": "Dundas",
        "number": 24
      },
      {
        "city": "Winona",
        "number": 3
      },
      {
        "city": "Mount Hope",
        "number": 5
      },
      {
        "city": "Lynden",
        "number": 2
      },
      {
        "city": "Freelton",
        "number": 3
      },
      {
        "city": "Coboconk",
        "number": 7
      },
      {
        "city": "Bethany",
        "number": 5
      },
      {
        "city": "Ennismore",
        "number": 7
      },
      {
        "city": "Bobcaygeon",
        "number": 11
      },
      {
        "city": "Bolsover",
        "number": 2
      },
      {
        "city": "Burnt River",
        "number": 3
      },
      {
        "city": "Cameron",
        "number": 4
      },
      {
        "city": "Little Britain",
        "number": 3
      },
      {
        "city": "Lindsay",
        "number": 49
      },
      {
        "city": "Seabright",
        "number": 1
      },
      {
        "city": "Downeyville",
        "number": 1
      },
      {
        "city": "Woodville",
        "number": 8
      },
      {
        "city": "Omemee",
        "number": 8
      },
      {
        "city": "Fenelon Falls",
        "number": 13
      },
      {
        "city": "Cambray",
        "number": 1
      },
      {
        "city": "Oakwood",
        "number": 5
      },
      {
        "city": "Kirkfield",
        "number": 5
      },
      {
        "city": "Carden",
        "number": 1
      },
      {
        "city": "Norland",
        "number": 4
      },
      {
        "city": "Kinmount",
        "number": 8
      },
      {
        "city": "Baddow",
        "number": 1
      },
      {
        "city": "Ops",
        "number": 2
      },
      {
        "city": "Dunsford",
        "number": 2
      },
      {
        "city": "Emily",
        "number": 1
      },
      {
        "city": "Pontypool",
        "number": 1
      },
      {
        "city": "Janetville",
        "number": 2
      },
      {
        "city": "Hartley",
        "number": 1
      },
      {
        "city": "Seagrave",
        "number": 3
      },
      {
        "city": "Manvers",
        "number": 3
      },
      {
        "city": "Sonya",
        "number": 1
      },
      {
        "city": "Fenelon Township",
        "number": 1
      },
      {
        "city": "Woodfield",
        "number": 1
      },
      {
        "city": "Sebright",
        "number": 1
      },
      {
        "city": "Kenora",
        "number": 38
      },
      {
        "city": "kenora",
        "number": 2
      },
      {
        "city": "Kitchener",
        "number": 206
      },
      {
        "city": "LONDON",
        "number": 270
      },
      {
        "city": "Mississauga",
        "number": 389
      },
      {
        "city": "Niagara Falls",
        "number": 72
      },
      {
        "city": "Orillia",
        "number": 60
      },
      {
        "city": "Oshawa",
        "number": 177
      },
      {
        "city": "Pembroke ",
        "number": 5
      },
      {
        "city": "pembroke",
        "number": 3
      },
      {
        "city": "Peterborough",
        "number": 111
      },
      {
        "city": "Pickering",
        "number": 47
      },
      {
        "city": "Brougham",
        "number": 1
      },
      {
        "city": "Claremont",
        "number": 2
      },
      {
        "city": "Green River",
        "number": 1
      },
      {
        "city": "Greenwood",
        "number": 8
      },
      {
        "city": "Whitevale",
        "number": 2
      },
      {
        "city": "Port Colborne",
        "number": 30
      },
      {
        "city": "Quinte West",
        "number": 7
      },
      {
        "city": "Frankford",
        "number": 19
      },
      {
        "city": "Wooler",
        "number": 2
      },
      {
        "city": "Trenton ",
        "number": 3
      },
      {
        "city": "Sarnia",
        "number": 190
      },
      {
        "city": "St. Catharines",
        "number": 106
      },
      {
        "city": "St. Thomas",
        "number": 25
      },
      {
        "city": "St. Thomas ",
        "number": 7
      },
      {
        "city": "STRATFORD",
        "number": 19
      },
      {
        "city": "Haileybury",
        "number": 14
      },
      {
        "city": "New Liskeard",
        "number": 37
      },
      {
        "city": "Temiskaming Shores",
        "number": 11
      },
      {
        "city": "Dymond",
        "number": 2
      },
      {
        "city": "Thunder Bay",
        "number": 126
      },
      {
        "city": "Armstrong",
        "number": 16
      },
      {
        "city": "Beardmore",
        "number": 2
      },
      {
        "city": "Conmee",
        "number": 9
      },
      {
        "city": "Geraldton",
        "number": 4
      },
      {
        "city": "Longlac",
        "number": 4
      },
      {
        "city": "Manitouwadge",
        "number": 5
      },
      {
        "city": "Marathon",
        "number": 30
      },
      {
        "city": "Nakina",
        "number": 2
      },
      {
        "city": "Nipigon",
        "number": 18
      },
      {
        "city": "Red Rock",
        "number": 11
      },
      {
        "city": "Shuniah",
        "number": 6
      },
      {
        "city": "Terrace Bay",
        "number": 19
      },
      {
        "city": "Upsala",
        "number": 2
      },
      {
        "city": "South Porcupine",
        "number": 8
      },
      {
        "city": "Connaught",
        "number": 2
      },
      {
        "city": "Schumacher",
        "number": 4
      },
      {
        "city": "Mountjoy",
        "number": 1
      },
      {
        "city": "Porcupine",
        "number": 3
      },
      {
        "city": "North York",
        "number": 234
      },
      {
        "city": "Scarborough",
        "number": 221
      },
      {
        "city": "East York",
        "number": 30
      },
      {
        "city": "Thornhill",
        "number": 38
      },
      {
        "city": "Maple",
        "number": 16
      },
      {
        "city": "0",
        "number": 3
      },
      {
        "city": "Markham",
        "number": 118
      },
      {
        "city": "Vaughan",
        "number": 74
      },
      {
        "city": "Waterloo",
        "number": 99
      },
      {
        "city": "Welland ",
        "number": 27
      },
      {
        "city": "Welland",
        "number": 51
      },
      {
        "city": "windsor",
        "number": 1
      },
      {
        "city": "Woodstock",
        "number": 71
      },
      {
        "city": "Cobourg Ontario",
        "number": 1
      },
      {
        "city": "Cochrane",
        "number": 47
      },
      {
        "city": "Collingwood",
        "number": 34
      },
      {
        "city": "Casselman",
        "number": 18
      },
      {
        "city": "Kanata",
        "number": 16
      },
      {
        "city": "Embrun",
        "number": 26
      },
      {
        "city": "Orleans",
        "number": 29
      },
      {
        "city": "Hawkesbury",
        "number": 31
      },
      {
        "city": "Nepean",
        "number": 25
      },
      {
        "city": "Vanier",
        "number": 6
      },
      {
        "city": "Gloucester",
        "number": 16
      },
      {
        "city": "Ignace",
        "number": 19
      },
      {
        "city": "Navan",
        "number": 1
      },
      {
        "city": "Barrhaven",
        "number": 1
      },
      {
        "city": "Merrickville",
        "number": 15
      },
      {
        "city": "Vars",
        "number": 1
      },
      {
        "city": "Marionville",
        "number": 1
      },
      {
        "city": "Sturgeon Falls",
        "number": 18
      },
      {
        "city": "River Valley",
        "number": 2
      },
      {
        "city": "Bonfield",
        "number": 6
      },
      {
        "city": "Thorne",
        "number": 1
      },
      {
        "city": "Mattawa",
        "number": 13
      },
      {
        "city": "Verner",
        "number": 6
      },
      {
        "city": "Astorville",
        "number": 7
      },
      {
        "city": "Kapuskasing",
        "number": 44
      },
      {
        "city": "Earlton",
        "number": 11
      },
      {
        "city": "Kirkland Lake",
        "number": 27
      },
      {
        "city": "Mattice",
        "number": 6
      },
      {
        "city": "Moonbeam",
        "number": 1
      },
      {
        "city": "Ramore",
        "number": 4
      },
      {
        "city": "Gogama",
        "number": 1
      },
      {
        "city": "Foleyet",
        "number": 1
      },
      {
        "city": "Smooth Rock Falls",
        "number": 15
      },
      {
        "city": "Hearst",
        "number": 26
      },
      {
        "city": "Iroquois Falls",
        "number": 43
      },
      {
        "city": "Virginiatown",
        "number": 15
      },
      {
        "city": "Stouffville",
        "number": 27
      },
      {
        "city": "Georgetown",
        "number": 13
      },
      {
        "city": "East Gwillimbury",
        "number": 17
      },
      {
        "city": "Whitby",
        "number": 87
      },
      {
        "city": "CFB Borden",
        "number": 1
      },
      {
        "city": "Ajax",
        "number": 74
      },
      {
        "city": "Lafontaine",
        "number": 1
      },
      {
        "city": "Oakville",
        "number": 152
      },
      {
        "city": "Aurora",
        "number": 29
      },
      {
        "city": "Penetanguishene",
        "number": 35
      },
      {
        "city": "Caledon",
        "number": 45
      },
      {
        "city": "Milton",
        "number": 58
      },
      {
        "city": "Chelmsford",
        "number": 5
      },
      {
        "city": "Val Caron",
        "number": 6
      },
      {
        "city": "Coniston",
        "number": 2
      },
      {
        "city": "Hanmer",
        "number": 6
      },
      {
        "city": "Espanola",
        "number": 12
      },
      {
        "city": "St-Charles",
        "number": 1
      },
      {
        "city": "Val Therese",
        "number": 1
      },
      {
        "city": "Dowling",
        "number": 2
      },
      {
        "city": "Lively",
        "number": 4
      },
      {
        "city": "Spanish",
        "number": 10
      },
      {
        "city": "Noelville",
        "number": 8
      },
      {
        "city": "Garson",
        "number": 3
      },
      {
        "city": "Azilda",
        "number": 2
      },
      {
        "city": "Dubreuilville",
        "number": 13
      },
      {
        "city": "Warren",
        "number": 1
      },
      {
        "city": "Alfred",
        "number": 5
      },
      {
        "city": "Saint-Bernardin",
        "number": 1
      },
      {
        "city": "Crysler",
        "number": 2
      },
      {
        "city": "St-Albert",
        "number": 2
      },
      {
        "city": "Clarence Creek",
        "number": 1
      },
      {
        "city": "St-Pascal-Baylon",
        "number": 1
      },
      {
        "city": "Lefaivre",
        "number": 6
      },
      {
        "city": "Moose Creek",
        "number": 3
      },
      {
        "city": "Limoges",
        "number": 3
      },
      {
        "city": "Bourget",
        "number": 3
      },
      {
        "city": "L'Orignal",
        "number": 14
      },
      {
        "city": "Plantagenet",
        "number": 16
      },
      {
        "city": "St-Isidore-de-Prescott",
        "number": 1
      },
      {
        "city": "Wendover",
        "number": 10
      },
      {
        "city": "St. Eugene",
        "number": 1
      },
      {
        "city": "North Lancaster",
        "number": 1
      },
      {
        "city": "St. Joachim",
        "number": 1
      },
      {
        "city": "La Salle",
        "number": 3
      },
      {
        "city": "Tecumseh",
        "number": 31
      },
      {
        "city": "Tilbury",
        "number": 11
      },
      {
        "city": "St. Clair Beach",
        "number": 1
      },
      {
        "city": "Paincourt",
        "number": 1
      },
      {
        "city": "Pointe-aux-Roches",
        "number": 1
      },
      {
        "city": "Pain Court",
        "number": 1
      },
      {
        "city": "Grande Pointe",
        "number": 3
      },
      {
        "city": "Amherstburg",
        "number": 11
      },
      {
        "city": "Belle River",
        "number": 21
      },
      {
        "city": "McGregor",
        "number": 1
      },
      {
        "city": "Leamington",
        "number": 46
      },
      {
        "city": "Markstay",
        "number": 2
      },
      {
        "city": "Borden",
        "number": 1
      },
      {
        "city": "Orangeville",
        "number": 41
      },
      {
        "city": "Kleinburg",
        "number": 4
      },
      {
        "city": "Richmond Hill",
        "number": 103
      },
      {
        "city": "Glen Morris",
        "number": 3
      },
      {
        "city": "Harley",
        "number": 1
      },
      {
        "city": "Oakland",
        "number": 2
      },
      {
        "city": "Onondaga",
        "number": 4
      },
      {
        "city": "St. George",
        "number": 7
      },
      {
        "city": "Mt. Pleasant",
        "number": 3
      },
      {
        "city": "Scotland",
        "number": 3
      },
      {
        "city": "Lion's Head",
        "number": 14
      },
      {
        "city": "Rosemont",
        "number": 4
      },
      {
        "city": "Mono",
        "number": 9
      },
      {
        "city": "Melancthon",
        "number": 5
      },
      {
        "city": "Shelburne",
        "number": 20
      },
      {
        "city": "Mansfield",
        "number": 1
      },
      {
        "city": "Grand Valley",
        "number": 18
      },
      {
        "city": "DUTTON",
        "number": 2
      },
      {
        "city": "AYLMER",
        "number": 6
      },
      {
        "city": "Essex",
        "number": 15
      },
      {
        "city": "Lakeshore",
        "number": 2
      },
      {
        "city": "Colchester Twp",
        "number": 1
      },
      {
        "city": "Kingsville",
        "number": 26
      },
      {
        "city": "Comber",
        "number": 5
      },
      {
        "city": "Essex, ON",
        "number": 1
      },
      {
        "city": "Harrow",
        "number": 10
      },
      {
        "city": "LaSalle",
        "number": 31
      },
      {
        "city": "Colchester N Twp",
        "number": 1
      },
      {
        "city": "Glenburnie",
        "number": 4
      },
      {
        "city": "Sydenham",
        "number": 9
      },
      {
        "city": "Robertsville",
        "number": 1
      },
      {
        "city": "Parham",
        "number": 4
      },
      {
        "city": "Chatsworth",
        "number": 12
      },
      {
        "city": "Blue Mountains",
        "number": 1
      },
      {
        "city": "Clarksburg",
        "number": 5
      },
      {
        "city": "Georgian Bluffs",
        "number": 1
      },
      {
        "city": "Holstien",
        "number": 1
      },
      {
        "city": "Minden",
        "number": 22
      },
      {
        "city": "Haliburton",
        "number": 36
      },
      {
        "city": "Eagle Lake",
        "number": 1
      },
      {
        "city": "Highland Grove",
        "number": 5
      },
      {
        "city": "Tory Hill",
        "number": 1
      },
      {
        "city": "Auburn",
        "number": 3
      },
      {
        "city": "Zurich",
        "number": 17
      },
      {
        "city": "Brussels",
        "number": 12
      },
      {
        "city": "Wroxeter",
        "number": 3
      },
      {
        "city": "Wyoming",
        "number": 16
      },
      {
        "city": "Forest",
        "number": 10
      },
      {
        "city": "Watford",
        "number": 16
      },
      {
        "city": "Brgden",
        "number": 1
      },
      {
        "city": "Pt. Edward",
        "number": 1
      },
      {
        "city": "Oil Springs",
        "number": 8
      },
      {
        "city": "Petrolia",
        "number": 24
      },
      {
        "city": "Warwick",
        "number": 1
      },
      {
        "city": "Corunna",
        "number": 6
      },
      {
        "city": "Grandbend",
        "number": 2
      },
      {
        "city": "Oil City",
        "number": 4
      },
      {
        "city": "McDonalds Corner",
        "number": 1
      },
      {
        "city": "Denbigh",
        "number": 6
      },
      {
        "city": "Bath",
        "number": 8
      },
      {
        "city": "Northbrook",
        "number": 3
      },
      {
        "city": "Glencoe",
        "number": 22
      },
      {
        "city": "Nilestown",
        "number": 1
      },
      {
        "city": "Dorchester",
        "number": 12
      },
      {
        "city": "Melbourne",
        "number": 2
      },
      {
        "city": "Parkhill",
        "number": 21
      },
      {
        "city": "Strathroy",
        "number": 7
      },
      {
        "city": "Lucan",
        "number": 13
      },
      {
        "city": "Bryanston",
        "number": 2
      },
      {
        "city": "Morganston",
        "number": 1
      },
      {
        "city": "Bewdley",
        "number": 4
      },
      {
        "city": "Cobourg",
        "number": 50
      },
      {
        "city": "Port Hope ",
        "number": 1
      },
      {
        "city": "Brighton",
        "number": 23
      },
      {
        "city": "Colborne",
        "number": 8
      },
      {
        "city": "Grafton",
        "number": 7
      },
      {
        "city": "Seymour",
        "number": 1
      },
      {
        "city": "Plainville",
        "number": 1
      },
      {
        "city": "Roseneath",
        "number": 5
      },
      {
        "city": "Beachville",
        "number": 2
      },
      {
        "city": "Innerkip",
        "number": 7
      },
      {
        "city": "Tillsonburg",
        "number": 25
      },
      {
        "city": "Blandford-Blenheim",
        "number": 5
      },
      {
        "city": "Thamesford",
        "number": 10
      },
      {
        "city": "Brownsville",
        "number": 3
      },
      {
        "city": "Burgessville",
        "number": 4
      },
      {
        "city": "Embro",
        "number": 8
      },
      {
        "city": "Dereham Centre",
        "number": 1
      },
      {
        "city": "Drumbo",
        "number": 8
      },
      {
        "city": "Norwich",
        "number": 19
      },
      {
        "city": "Hickson",
        "number": 4
      },
      {
        "city": "Lakeside",
        "number": 1
      },
      {
        "city": "Bright",
        "number": 3
      },
      {
        "city": "Plattsville",
        "number": 6
      },
      {
        "city": "Tavistock",
        "number": 9
      },
      {
        "city": "Mount Elgin",
        "number": 2
      },
      {
        "city": "Otterville",
        "number": 7
      },
      {
        "city": "Salford",
        "number": 1
      },
      {
        "city": "Princeton",
        "number": 4
      },
      {
        "city": "Springford",
        "number": 3
      },
      {
        "city": "East Zorra-Tavistock",
        "number": 2
      },
      {
        "city": "Zorra",
        "number": 12
      },
      {
        "city": "Oxford North",
        "number": 1
      },
      {
        "city": "Sweaburg",
        "number": 1
      },
      {
        "city": "South-West Oxford",
        "number": 3
      },
      {
        "city": "Blandford",
        "number": 1
      },
      {
        "city": "N/A",
        "number": 1
      },
      {
        "city": "Washington",
        "number": 1
      },
      {
        "city": "St. Mary's",
        "number": 2
      },
      {
        "city": "StratfordN5A ",
        "number": 1
      },
      {
        "city": "Buckhorn",
        "number": 9
      },
      {
        "city": "Bridgenorth",
        "number": 14
      },
      {
        "city": "Keene",
        "number": 15
      },
      {
        "city": "Havelock",
        "number": 17
      },
      {
        "city": "Lakefield",
        "number": 33
      },
      {
        "city": "Apsley",
        "number": 10
      },
      {
        "city": "Douro-Dummer",
        "number": 2
      },
      {
        "city": "Otonabee",
        "number": 1
      },
      {
        "city": "Norwood",
        "number": 20
      },
      {
        "city": "Millbrook",
        "number": 13
      },
      {
        "city": "Peterborough ",
        "number": 4
      },
      {
        "city": "Ameliasburgh",
        "number": 8
      },
      {
        "city": "Carrying Place",
        "number": 1
      },
      {
        "city": "Consecon",
        "number": 3
      },
      {
        "city": "Milford",
        "number": 4
      },
      {
        "city": "Demorestville",
        "number": 4
      },
      {
        "city": "Wellington",
        "number": 10
      },
      {
        "city": "Hillier",
        "number": 2
      },
      {
        "city": "Rossmore",
        "number": 1
      },
      {
        "city": "Bloomfield",
        "number": 4
      },
      {
        "city": "Peats Point",
        "number": 1
      },
      {
        "city": "Cherry Valley",
        "number": 3
      },
      {
        "city": "Cobden",
        "number": 14
      },
      {
        "city": "Renfrew",
        "number": 34
      },
      {
        "city": "Palmer Rapids",
        "number": 7
      },
      {
        "city": "Deep River",
        "number": 20
      },
      {
        "city": "Petawawa",
        "number": 12
      },
      {
        "city": "Calabogie",
        "number": 7
      },
      {
        "city": "Midhurst",
        "number": 6
      },
      {
        "city": "Midland",
        "number": 54
      },
      {
        "city": "Tay",
        "number": 2
      },
      {
        "city": "Alliston",
        "number": 25
      },
      {
        "city": "Angus",
        "number": 10
      },
      {
        "city": "Beeton",
        "number": 12
      },
      {
        "city": "Bradford",
        "number": 39
      },
      {
        "city": "Oro Medonte",
        "number": 2
      },
      {
        "city": "Clearview",
        "number": 1
      },
      {
        "city": "Elmvale",
        "number": 3
      },
      {
        "city": "Tiny",
        "number": 27
      },
      {
        "city": "Brechin",
        "number": 14
      },
      {
        "city": "Wasaga Beach",
        "number": 20
      },
      {
        "city": "Severn",
        "number": 1
      },
      {
        "city": "Puslinch",
        "number": 2
      },
      {
        "city": "Arthur",
        "number": 18
      },
      {
        "city": "Belwood",
        "number": 4
      },
      {
        "city": "Brucedale",
        "number": 1
      },
      {
        "city": "Drayton",
        "number": 17
      },
      {
        "city": "Clifford",
        "number": 7
      },
      {
        "city": "Elora",
        "number": 15
      },
      {
        "city": "Erin",
        "number": 14
      },
      {
        "city": "Hillsburgh",
        "number": 8
      },
      {
        "city": "Palmerston",
        "number": 16
      },
      {
        "city": "Rockwood",
        "number": 17
      },
      {
        "city": "Rothsay",
        "number": 1
      },
      {
        "city": "MacTier",
        "number": 6
      },
      {
        "city": "Baysville ON",
        "number": 1
      },
      {
        "city": "Huntsville",
        "number": 29
      },
      {
        "city": "Gravenhurst",
        "number": 33
      },
      {
        "city": "Hunstville",
        "number": 1
      },
      {
        "city": "Bala",
        "number": 1
      },
      {
        "city": "Bracebridge",
        "number": 34
      },
      {
        "city": "Port Sydnet",
        "number": 1
      },
      {
        "city": "Port Carling",
        "number": 3
      },
      {
        "city": "Port Severn",
        "number": 7
      },
      {
        "city": "Beamsville",
        "number": 14
      },
      {
        "city": "Ridgeway",
        "number": 8
      },
      {
        "city": "Grimsby",
        "number": 34
      },
      {
        "city": "Smithville",
        "number": 7
      },
      {
        "city": "Fort Erie",
        "number": 26
      },
      {
        "city": "Fonthill",
        "number": 10
      },
      {
        "city": "Caistor Centre",
        "number": 1
      },
      {
        "city": "Niagara-On-The-Lake",
        "number": 2
      },
      {
        "city": "Crystal Beach",
        "number": 3
      },
      {
        "city": "St. Ann's",
        "number": 1
      },
      {
        "city": "Thorold",
        "number": 13
      },
      {
        "city": "Fenwick",
        "number": 6
      },
      {
        "city": "Stevensville",
        "number": 4
      },
      {
        "city": "Vineland",
        "number": 3
      },
      {
        "city": "Wainfleet",
        "number": 10
      },
      {
        "city": "St. Davids",
        "number": 1
      },
      {
        "city": "Niagara-on-the-Lake",
        "number": 32
      },
      {
        "city": "Elk Lake",
        "number": 1
      },
      {
        "city": "Englehart",
        "number": 15
      },
      {
        "city": "Matheson",
        "number": 13
      },
      {
        "city": "Thornloe",
        "number": 6
      },
      {
        "city": "Temagami",
        "number": 1
      },
      {
        "city": "Bolton",
        "number": 10
      },
      {
        "city": "Port Perry",
        "number": 35
      },
      {
        "city": "Uxbridge",
        "number": 36
      },
      {
        "city": "Brooklin",
        "number": 7
      },
      {
        "city": "Beaverton",
        "number": 16
      },
      {
        "city": "Cannington",
        "number": 13
      },
      {
        "city": "Blackstock",
        "number": 3
      },
      {
        "city": "Goodwood",
        "number": 1
      },
      {
        "city": "Greenbank",
        "number": 5
      },
      {
        "city": "Sandford",
        "number": 1
      },
      {
        "city": "Prince Albert",
        "number": 1
      },
      {
        "city": "Sunderland",
        "number": 9
      },
      {
        "city": "Central Elgin",
        "number": 2
      },
      {
        "city": "Innisfil",
        "number": 67
      },
      {
        "city": "Jarvis",
        "number": 7
      },
      {
        "city": "Port Rowan",
        "number": 8
      },
      {
        "city": "Fisherville",
        "number": 2
      },
      {
        "city": "York",
        "number": 1
      },
      {
        "city": "Teeterville",
        "number": 3
      },
      {
        "city": "Wheatley",
        "number": 7
      },
      {
        "city": "Pelee Island",
        "number": 1
      },
      {
        "city": "Lasalle",
        "number": 3
      },
      {
        "city": "Cottam",
        "number": 5
      },
      {
        "city": "Emeryville",
        "number": 2
      },
      {
        "city": "RR3 Dunville",
        "number": 1
      },
      {
        "city": "Dunnvile",
        "number": 1
      },
      {
        "city": "Canfield",
        "number": 2
      },
      {
        "city": "Selkirk",
        "number": 2
      },
      {
        "city": "Nanticoke",
        "number": 2
      },
      {
        "city": "Townsend",
        "number": 1
      },
      {
        "city": "Acton",
        "number": 3
      },
      {
        "city": "Milton ",
        "number": 2
      },
      {
        "city": "Halton Hills",
        "number": 34
      },
      {
        "city": "Campbellville",
        "number": 4
      },
      {
        "city": "Limehouse",
        "number": 1
      },
      {
        "city": "halton hills",
        "number": 1
      },
      {
        "city": "Hannon",
        "number": 1
      },
      {
        "city": "Troy",
        "number": 1
      },
      {
        "city": "Sheffield",
        "number": 1
      },
      {
        "city": "Millgrove",
        "number": 1
      },
      {
        "city": "Copetown",
        "number": 1
      },
      {
        "city": "Greensville",
        "number": 1
      },
      {
        "city": "Madoc",
        "number": 12
      },
      {
        "city": "Coe Hill",
        "number": 8
      },
      {
        "city": "Foxboro",
        "number": 1
      },
      {
        "city": "Maynooth",
        "number": 9
      },
      {
        "city": "Deseronto",
        "number": 9
      },
      {
        "city": "Corbyville",
        "number": 1
      },
      {
        "city": "Stirling",
        "number": 19
      },
      {
        "city": "Hawkesbury ",
        "number": 1
      },
      {
        "city": "Dashwood",
        "number": 2
      },
      {
        "city": "Dublin",
        "number": 4
      },
      {
        "city": "Horneypayne",
        "number": 1
      },
      {
        "city": "White River",
        "number": 18
      },
      {
        "city": "Massey",
        "number": 11
      },
      {
        "city": "Baltimore",
        "number": 4
      },
      {
        "city": "Port Hope",
        "number": 18
      },
      {
        "city": "Bowmanville",
        "number": 35
      },
      {
        "city": "Newcastle",
        "number": 9
      },
      {
        "city": "Colborne ",
        "number": 1
      },
      {
        "city": "Courtice",
        "number": 16
      },
      {
        "city": "Hampton",
        "number": 5
      },
      {
        "city": "Newtonville",
        "number": 1
      },
      {
        "city": "Cavan",
        "number": 2
      },
      {
        "city": "Castleton",
        "number": 4
      },
      {
        "city": "Enniskillen",
        "number": 2
      },
      {
        "city": "Hastings",
        "number": 12
      },
      {
        "city": "Scugog",
        "number": 1
      },
      {
        "city": "Campbellcroft",
        "number": 1
      },
      {
        "city": "Orono",
        "number": 6
      },
      {
        "city": "Warkworth",
        "number": 11
      },
      {
        "city": "Gores Landing",
        "number": 1
      },
      {
        "city": "Warsaw",
        "number": 10
      },
      {
        "city": "Clarington",
        "number": 1
      },
      {
        "city": "Ear Falls",
        "number": 19
      },
      {
        "city": "Keewatin",
        "number": 2
      },
      {
        "city": "Vermilion Bay",
        "number": 7
      },
      {
        "city": "Red Lake",
        "number": 12
      },
      {
        "city": "Savant Lake",
        "number": 1
      },
      {
        "city": "Pickle Lake",
        "number": 18
      },
      {
        "city": "Balmertown",
        "number": 6
      },
      {
        "city": "Sioux Lookout",
        "number": 24
      },
      {
        "city": "Sioux Narrows",
        "number": 7
      },
      {
        "city": "Orléans",
        "number": 1
      },
      {
        "city": "South Huron",
        "number": 1
      },
      {
        "city": "Murillo",
        "number": 10
      },
      {
        "city": "Collins",
        "number": 1
      },
      {
        "city": "Kakabeka Falls",
        "number": 8
      },
      {
        "city": "Camlachie",
        "number": 7
      },
      {
        "city": "St. Clair Township",
        "number": 3
      },
      {
        "city": "Wallaceburg",
        "number": 18
      },
      {
        "city": "Thedford",
        "number": 4
      },
      {
        "city": "Point Edward",
        "number": 8
      },
      {
        "city": "Brigden",
        "number": 3
      },
      {
        "city": "Corruna",
        "number": 1
      },
      {
        "city": "Grand Bend",
        "number": 11
      },
      {
        "city": "Blenheim",
        "number": 10
      },
      {
        "city": "Bright's Grove",
        "number": 1
      },
      {
        "city": "Alvinston",
        "number": 10
      },
      {
        "city": "Dresden",
        "number": 11
      },
      {
        "city": "Merlin",
        "number": 8
      },
      {
        "city": "Mooretown",
        "number": 13
      },
      {
        "city": "Ridgetown",
        "number": 13
      },
      {
        "city": "Thamesville",
        "number": 6
      },
      {
        "city": "Bothwell",
        "number": 7
      },
      {
        "city": "Port Lambton",
        "number": 4
      },
      {
        "city": "Sudbury ",
        "number": 1
      },
      {
        "city": "Centreville",
        "number": 3
      },
      {
        "city": "Plevna",
        "number": 13
      },
      {
        "city": "Odessa",
        "number": 9
      },
      {
        "city": "Mountain Grove",
        "number": 7
      },
      {
        "city": "Newburgh",
        "number": 3
      },
      {
        "city": "Cloyne",
        "number": 7
      },
      {
        "city": "Stella",
        "number": 3
      },
      {
        "city": "Elginburg",
        "number": 1
      },
      {
        "city": "Enterprise",
        "number": 3
      },
      {
        "city": "Joyceville",
        "number": 1
      },
      {
        "city": "Perth Road",
        "number": 3
      },
      {
        "city": "Verona",
        "number": 4
      },
      {
        "city": "Tamworth",
        "number": 5
      },
      {
        "city": "Westbrook",
        "number": 1
      },
      {
        "city": "Yarker",
        "number": 3
      },
      {
        "city": "Selby",
        "number": 1
      },
      {
        "city": "Battersea ",
        "number": 1
      },
      {
        "city": "Little Current",
        "number": 20
      },
      {
        "city": "Mindemoya",
        "number": 12
      },
      {
        "city": "Aylmer",
        "number": 20
      },
      {
        "city": "London ",
        "number": 1
      },
      {
        "city": "Delaware",
        "number": 4
      },
      {
        "city": "West Lorne",
        "number": 11
      },
      {
        "city": "Amherst Island",
        "number": 3
      },
      {
        "city": "Millhaven",
        "number": 1
      },
      {
        "city": "Wilton",
        "number": 1
      },
      {
        "city": "Burlington ",
        "number": 4
      },
      {
        "city": "Newbury",
        "number": 7
      },
      {
        "city": "Straffordville",
        "number": 8
      },
      {
        "city": "Port Burwell",
        "number": 9
      },
      {
        "city": "Vienna",
        "number": 6
      },
      {
        "city": "Eden",
        "number": 1
      },
      {
        "city": "Richmond",
        "number": 2
      },
      {
        "city": "Bayfield",
        "number": 8
      },
      {
        "city": "Varna",
        "number": 6
      },
      {
        "city": "Kippen",
        "number": 1
      },
      {
        "city": "Dinsley",
        "number": 1
      },
      {
        "city": "Cargill",
        "number": 2
      },
      {
        "city": "RR #3 Hanover",
        "number": 1
      },
      {
        "city": "Inwood",
        "number": 2
      },
      {
        "city": "Brooke",
        "number": 1
      },
      {
        "city": "Belmont",
        "number": 9
      },
      {
        "city": "Port Stanley",
        "number": 13
      },
      {
        "city": "Union",
        "number": 2
      },
      {
        "city": "Yarmouth",
        "number": 1
      },
      {
        "city": "Holmesville",
        "number": 2
      },
      {
        "city": "Londesborough",
        "number": 1
      },
      {
        "city": "Sandfield",
        "number": 2
      },
      {
        "city": "Providence Bay",
        "number": 4
      },
      {
        "city": "Spring Bay",
        "number": 2
      },
      {
        "city": "Ivanhoe",
        "number": 2
      },
      {
        "city": "Moira",
        "number": 1
      },
      {
        "city": "Charlton",
        "number": 3
      },
      {
        "city": "Tupperville",
        "number": 1
      },
      {
        "city": "Erieau",
        "number": 1
      },
      {
        "city": "Highgate",
        "number": 3
      },
      {
        "city": "Morpeth",
        "number": 1
      },
      {
        "city": "North Buxton",
        "number": 1
      },
      {
        "city": "Port Alma",
        "number": 1
      },
      {
        "city": "South Buxton",
        "number": 1
      },
      {
        "city": "Dutton",
        "number": 14
      },
      {
        "city": "Wallacetown",
        "number": 1
      },
      {
        "city": "Corbeil",
        "number": 6
      },
      {
        "city": "Alban",
        "number": 3
      },
      {
        "city": "Gore Bay",
        "number": 18
      },
      {
        "city": "Kimberley",
        "number": 3
      },
      {
        "city": "Feversham",
        "number": 1
      },
      {
        "city": "Priceville",
        "number": 1
      },
      {
        "city": "Combermerre",
        "number": 2
      },
      {
        "city": "Maple Leaf",
        "number": 1
      },
      {
        "city": "Lk. St. Peter",
        "number": 2
      },
      {
        "city": "Cardiff",
        "number": 9
      },
      {
        "city": "Dyno",
        "number": 1
      },
      {
        "city": "Gooderham",
        "number": 5
      },
      {
        "city": "Wilberforce",
        "number": 12
      },
      {
        "city": "Huron East",
        "number": 7
      },
      {
        "city": "Vanastra",
        "number": 3
      },
      {
        "city": "Iron Bridge",
        "number": 12
      },
      {
        "city": "Killarney",
        "number": 13
      },
      {
        "city": "Tiverton",
        "number": 5
      },
      {
        "city": "Kicardine",
        "number": 2
      },
      {
        "city": "Arkona",
        "number": 3
      },
      {
        "city": "Port Franks",
        "number": 2
      },
      {
        "city": "Eagle River",
        "number": 3
      },
      {
        "city": "Magnetawan",
        "number": 7
      },
      {
        "city": "Ahmic Harbour",
        "number": 1
      },
      {
        "city": "McDougall",
        "number": 6
      },
      {
        "city": "Nobel",
        "number": 10
      },
      {
        "city": "Arva",
        "number": 1
      },
      {
        "city": "Ilderton",
        "number": 8
      },
      {
        "city": "Komoka",
        "number": 4
      },
      {
        "city": "Denfield",
        "number": 1
      },
      {
        "city": "Belgrave",
        "number": 3
      },
      {
        "city": "Bluevale",
        "number": 1
      },
      {
        "city": "Morris-Turnberry",
        "number": 1
      },
      {
        "city": "NEEBING",
        "number": 10
      },
      {
        "city": "Kemptville, ON",
        "number": 1
      },
      {
        "city": "Oxford Mills",
        "number": 3
      },
      {
        "city": "Burritt's Rapids",
        "number": 1
      },
      {
        "city": "Ailsa Craig",
        "number": 9
      },
      {
        "city": "Parkhill ",
        "number": 1
      },
      {
        "city": "Monkton",
        "number": 3
      },
      {
        "city": "Gowanstown",
        "number": 3
      },
      {
        "city": "Rosslyn",
        "number": 5
      },
      {
        "city": "Slate River",
        "number": 4
      },
      {
        "city": "Canton",
        "number": 2
      },
      {
        "city": "Welcome",
        "number": 1
      },
      {
        "city": "Garden Hill",
        "number": 1
      },
      {
        "city": "Powassan",
        "number": 23
      },
      {
        "city": "Trout Creek",
        "number": 4
      },
      {
        "city": "Madsen",
        "number": 2
      },
      {
        "city": "Cochenour",
        "number": 4
      },
      {
        "city": "McKenzie Island",
        "number": 1
      },
      {
        "city": "Hudson",
        "number": 4
      },
      {
        "city": "Carrick",
        "number": 1
      },
      {
        "city": "Formosa",
        "number": 2
      },
      {
        "city": "Mildmay ",
        "number": 1
      },
      {
        "city": "Appin",
        "number": 4
      },
      {
        "city": "Wardsville",
        "number": 11
      },
      {
        "city": "MT. BRYDGES",
        "number": 4
      },
      {
        "city": "STRATHROY",
        "number": 17
      },
      {
        "city": "MELBOURNE",
        "number": 1
      },
      {
        "city": "MT BRYDGES",
        "number": 1
      },
      {
        "city": "Thorndale",
        "number": 5
      },
      {
        "city": "Trent Lakes, Ontario",
        "number": 2
      },
      {
        "city": "Lakehurst",
        "number": 1
      },
      {
        "city": "Rodney",
        "number": 14
      },
      {
        "city": "Eagle",
        "number": 1
      },
      {
        "city": "Elmwood",
        "number": 4
      },
      {
        "city": "Neustadt",
        "number": 3
      },
      {
        "city": "Cache Bay",
        "number": 3
      },
      {
        "city": "Crystal Falls",
        "number": 2
      },
      {
        "city": "Field",
        "number": 4
      },
      {
        "city": "Lavigne",
        "number": 2
      },
      {
        "city": "Monetville",
        "number": 2
      },
      {
        "city": "Bornholm",
        "number": 2
      },
      {
        "city": "Fullarton",
        "number": 2
      },
      {
        "city": "Brodhagen",
        "number": 1
      },
      {
        "city": "Staffa",
        "number": 1
      },
      {
        "city": "South River",
        "number": 10
      },
      {
        "city": "Port Loring",
        "number": 1
      },
      {
        "city": "Britt",
        "number": 1
      },
      {
        "city": "Emsdale",
        "number": 1
      },
      {
        "city": "Callander",
        "number": 1
      },
      {
        "city": "Mactier",
        "number": 1
      },
      {
        "city": "Redbridge",
        "number": 1
      },
      {
        "city": "Burk's Falls",
        "number": 18
      },
      {
        "city": "Nipissing",
        "number": 8
      },
      {
        "city": "Sundridge",
        "number": 10
      },
      {
        "city": "Dunchurch",
        "number": 1
      },
      {
        "city": "Newmarket",
        "number": 76
      },
      {
        "city": "Jordan",
        "number": 5
      },
      {
        "city": "Virgil",
        "number": 11
      },
      {
        "city": "Callandar",
        "number": 1
      },
      {
        "city": "Walsh",
        "number": 1
      },
      {
        "city": "Vittoria",
        "number": 3
      },
      {
        "city": "Fairground",
        "number": 1
      },
      {
        "city": "Villa Nova",
        "number": 1
      },
      {
        "city": "St. Williams",
        "number": 4
      },
      {
        "city": "Moosonee",
        "number": 38
      },
      {
        "city": "Cobalt",
        "number": 7
      },
      {
        "city": "Fort Frances",
        "number": 8
      },
      {
        "city": "Stratton",
        "number": 6
      },
      {
        "city": "Toronto ",
        "number": 2
      },
      {
        "city": "Stittsville",
        "number": 5
      },
      {
        "city": "Metcalfe",
        "number": 1
      },
      {
        "city": "Manotick",
        "number": 2
      },
      {
        "city": "Carp",
        "number": 1
      },
      {
        "city": "Belfountain",
        "number": 1
      },
      {
        "city": "Alton",
        "number": 1
      },
      {
        "city": "Terra Cotta",
        "number": 1
      },
      {
        "city": "Palgrave",
        "number": 1
      },
      {
        "city": "Douro",
        "number": 10
      },
      {
        "city": "Capreol",
        "number": 1
      },
      {
        "city": "Copper Cliff",
        "number": 1
      },
      {
        "city": "Manitowaning",
        "number": 1
      },
      {
        "city": "Levack",
        "number": 1
      },
      {
        "city": "Shining Tree",
        "number": 1
      },
      {
        "city": "M'Chigeeng",
        "number": 1
      },
      {
        "city": "Whitefish",
        "number": 1
      },
      {
        "city": "Devlin",
        "number": 4
      },
      {
        "city": "Sleeman",
        "number": 2
      },
      {
        "city": "Rainy River",
        "number": 12
      },
      {
        "city": "Emo",
        "number": 13
      },
      {
        "city": "Mine Centre",
        "number": 1
      },
      {
        "city": "Nestor Falls",
        "number": 4
      },
      {
        "city": "Barwick",
        "number": 9
      },
      {
        "city": "Pelham",
        "number": 2
      },
      {
        "city": "West Lincoln",
        "number": 2
      },
      {
        "city": "Niagara on the Lake",
        "number": 3
      },
      {
        "city": "St Cathariness",
        "number": 1
      },
      {
        "city": "Niagara On The Lake",
        "number": 1
      },
      {
        "city": "Breslau",
        "number": 4
      },
      {
        "city": "Ayr",
        "number": 14
      },
      {
        "city": "St. Jacobs",
        "number": 8
      },
      {
        "city": "Baden",
        "number": 7
      },
      {
        "city": "Heidelberg",
        "number": 4
      },
      {
        "city": "Petersburg",
        "number": 4
      },
      {
        "city": "Branchton",
        "number": 1
      },
      {
        "city": "Conestogo",
        "number": 6
      },
      {
        "city": "Elmira",
        "number": 17
      },
      {
        "city": "Linwood",
        "number": 4
      },
      {
        "city": "Maryhill",
        "number": 5
      },
      {
        "city": "New Dundee",
        "number": 5
      },
      {
        "city": "New Hamburg",
        "number": 16
      },
      {
        "city": "Philipsburg",
        "number": 2
      },
      {
        "city": "Roseville",
        "number": 2
      },
      {
        "city": "North Dumfries",
        "number": 1
      },
      {
        "city": "St. Clements",
        "number": 3
      },
      {
        "city": "Wellesley",
        "number": 8
      },
      {
        "city": "West Montrose",
        "number": 1
      },
      {
        "city": "Whitchurch-Stouffville",
        "number": 9
      },
      {
        "city": "Georgina",
        "number": 14
      },
      {
        "city": "King",
        "number": 9
      },
      {
        "city": "Keswick",
        "number": 31
      },
      {
        "city": "Nobleton",
        "number": 13
      },
      {
        "city": "Schomberg",
        "number": 8
      },
      {
        "city": "Combermere",
        "number": 8
      },
      {
        "city": "Douglas",
        "number": 6
      },
      {
        "city": "Westmeath",
        "number": 4
      },
      {
        "city": "Chalk River",
        "number": 10
      },
      {
        "city": "Eganville",
        "number": 20
      },
      {
        "city": "Bonnechere Valley",
        "number": 1
      },
      {
        "city": "Admaston",
        "number": 1
      },
      {
        "city": "Barry's bay",
        "number": 1
      },
      {
        "city": "Beachburg",
        "number": 4
      },
      {
        "city": "Laurentian Valley",
        "number": 1
      },
      {
        "city": "King City",
        "number": 25
      },
      {
        "city": "Loretto",
        "number": 6
      },
      {
        "city": "Stroud",
        "number": 2
      },
      {
        "city": "Cumberland Beach",
        "number": 1
      },
      {
        "city": "Egbert",
        "number": 1
      },
      {
        "city": "Stayner",
        "number": 3
      },
      {
        "city": "Coldwater",
        "number": 1
      },
      {
        "city": "Cookstown",
        "number": 3
      },
      {
        "city": "Hawkestone",
        "number": 1
      },
      {
        "city": "Creemore",
        "number": 2
      },
      {
        "city": "Duntroon",
        "number": 1
      },
      {
        "city": "Oro Station",
        "number": 1
      },
      {
        "city": "Hillsdale",
        "number": 1
      },
      {
        "city": "Lefroy",
        "number": 2
      },
      {
        "city": "Minesing",
        "number": 1
      },
      {
        "city": "New Lowell",
        "number": 1
      },
      {
        "city": "Shanty Bay",
        "number": 2
      },
      {
        "city": "Victoria Harbour",
        "number": 20
      },
      {
        "city": "Moonstone",
        "number": 1
      },
      {
        "city": "Nottawa",
        "number": 1
      },
      {
        "city": "Port McNicoll",
        "number": 14
      },
      {
        "city": "Washago",
        "number": 4
      },
      {
        "city": "Tottenham",
        "number": 13
      },
      {
        "city": "Everett",
        "number": 6
      },
      {
        "city": "Waubaushene",
        "number": 9
      },
      {
        "city": "Warminster",
        "number": 1
      },
      {
        "city": "Wyebridge",
        "number": 1
      },
      {
        "city": "Wyevale",
        "number": 1
      },
      {
        "city": "Ramara",
        "number": 1
      },
      {
        "city": "New Tecumseth",
        "number": 2
      },
      {
        "city": "Essa",
        "number": 1
      },
      {
        "city": "Springwater",
        "number": 1
      },
      {
        "city": "Bradford West Gwillimbury",
        "number": 3
      },
      {
        "city": "Brights Grove",
        "number": 1
      },
      {
        "city": "Dorion",
        "number": 5
      },
      {
        "city": "Schreiber",
        "number": 15
      },
      {
        "city": "Maberly",
        "number": 2
      },
      {
        "city": "KINTORE",
        "number": 1
      },
      {
        "city": "WOODSTOCK",
        "number": 17
      },
      {
        "city": "TILLSONBURG",
        "number": 5
      },
      {
        "city": "ST THOMAS",
        "number": 15
      },
      {
        "city": "DRUMBO",
        "number": 1
      },
      {
        "city": "RODNEY",
        "number": 1
      },
      {
        "city": "MOUNT BRYDGES",
        "number": 1
      },
      {
        "city": "ARVA",
        "number": 3
      },
      {
        "city": "AILSA CRAIG",
        "number": 2
      },
      {
        "city": "NORWICH",
        "number": 1
      },
      {
        "city": "INGERSOLL",
        "number": 4
      },
      {
        "city": "INNERKIP",
        "number": 3
      },
      {
        "city": "DELAWARE",
        "number": 1
      },
      {
        "city": "GLENCOE",
        "number": 3
      },
      {
        "city": "HICKSON",
        "number": 3
      },
      {
        "city": "DORCHESTER",
        "number": 3
      },
      {
        "city": "PARKHILL",
        "number": 2
      },
      {
        "city": "KOMOKA",
        "number": 1
      },
      {
        "city": "PLATTSVILLE",
        "number": 1
      },
      {
        "city": "ILDERTON",
        "number": 2
      },
      {
        "city": "PORT BURWELL",
        "number": 1
      },
      {
        "city": "PORT STANLEY",
        "number": 1
      },
      {
        "city": "STRAFFORDVILLE",
        "number": 1
      },
      {
        "city": "THAMESFORD",
        "number": 1
      },
      {
        "city": "THORNDALE",
        "number": 1
      },
      {
        "city": "BELMONT",
        "number": 1
      },
      {
        "city": "SPRINGFIELD",
        "number": 1
      },
      {
        "city": "TAVISTOCK",
        "number": 6
      },
      {
        "city": "WEST LORNE",
        "number": 2
      },
      {
        "city": "LUCAN",
        "number": 1
      },
      {
        "city": "EMBRO",
        "number": 1
      },
      {
        "city": "Fournier",
        "number": 3
      },
      {
        "city": "St-Isidore",
        "number": 3
      },
      {
        "city": "Willowdale",
        "number": 1
      },
      {
        "city": "Caledon East",
        "number": 1
      },
      {
        "city": "Mono Mills",
        "number": 1
      },
      {
        "city": "Kearney",
        "number": 7
      },
      {
        "city": "Ajax ",
        "number": 1
      },
      {
        "city": "Aurora ",
        "number": 10
      },
      {
        "city": "Town of Blue Mountains",
        "number": 1
      },
      {
        "city": "The Blue Mountains",
        "number": 3
      },
      {
        "city": "Craigleith",
        "number": 4
      },
      {
        "city": "Ravenna",
        "number": 3
      },
      {
        "city": "Bradford, Ontario",
        "number": 2
      },
      {
        "city": "Bradford West Gwil",
        "number": 2
      },
      {
        "city": "Collingwood ",
        "number": 1
      },
      {
        "city": "Sharon",
        "number": 5
      },
      {
        "city": "Holland Landing",
        "number": 6
      },
      {
        "city": "Queensville",
        "number": 3
      },
      {
        "city": "Mount Albert",
        "number": 6
      },
      {
        "city": "Riverdrive Park",
        "number": 1
      },
      {
        "city": "Ballinafad",
        "number": 1
      },
      {
        "city": "Colchester North",
        "number": 4
      },
      {
        "city": "Harrow ",
        "number": 1
      },
      {
        "city": "Colchester",
        "number": 2
      },
      {
        "city": "Colchester South",
        "number": 2
      },
      {
        "city": "Jackson's Point",
        "number": 4
      },
      {
        "city": "Pefferlaw",
        "number": 6
      },
      {
        "city": "Sutton",
        "number": 12
      },
      {
        "city": "Roche's Point",
        "number": 2
      },
      {
        "city": "Udora",
        "number": 1
      },
      {
        "city": "Port Bolster",
        "number": 1
      },
      {
        "city": "Willow Beach",
        "number": 1
      },
      {
        "city": "Virginia",
        "number": 1
      },
      {
        "city": "Gordon",
        "number": 1
      },
      {
        "city": "Port Sydney",
        "number": 2
      },
      {
        "city": "Utterson",
        "number": 2
      },
      {
        "city": "Porquis",
        "number": 7
      },
      {
        "city": "Ruthven",
        "number": 3
      },
      {
        "city": "KIRKLAND LAKE",
        "number": 1
      },
      {
        "city": "Swastika",
        "number": 2
      },
      {
        "city": "Ruscom Station",
        "number": 1
      },
      {
        "city": "Woodslee",
        "number": 4
      },
      {
        "city": "Stoney Point",
        "number": 2
      },
      {
        "city": "Campden",
        "number": 2
      },
      {
        "city": "Unionville",
        "number": 15
      },
      {
        "city": "Mildand",
        "number": 2
      },
      {
        "city": "Palmeston",
        "number": 1
      },
      {
        "city": "Palmerston, Harriston, Clifford",
        "number": 1
      },
      {
        "city": "Pakenham",
        "number": 5
      },
      {
        "city": "Sheguiandah",
        "number": 5
      },
      {
        "city": "Amaranth",
        "number": 8
      },
      {
        "city": "Ridgeville",
        "number": 1
      },
      {
        "city": "North Pelham",
        "number": 1
      },
      {
        "city": "Petawawa ",
        "number": 4
      },
      {
        "city": "Prescott, Ontario",
        "number": 1
      },
      {
        "city": "SHELBURNE",
        "number": 1
      },
      {
        "city": "AMABEL",
        "number": 8
      },
      {
        "city": "KEPPEL",
        "number": 3
      },
      {
        "city": "WIARTON",
        "number": 11
      },
      {
        "city": "ALBEMARLE",
        "number": 1
      },
      {
        "city": "HEPWORTH",
        "number": 1
      },
      {
        "city": "ST. MARYS",
        "number": 10
      },
      {
        "city": "Gormley",
        "number": 4
      },
      {
        "city": "Ballantrae",
        "number": 1
      },
      {
        "city": "Flinton",
        "number": 3
      },
      {
        "city": "Hockley",
        "number": 1
      },
      {
        "city": "Lisle",
        "number": 1
      },
      {
        "city": "Colgan",
        "number": 2
      },
      {
        "city": "Renfrew ON",
        "number": 3
      },
      {
        "city": "Curran",
        "number": 3
      },
      {
        "city": "Treadwell",
        "number": 1
      },
      {
        "city": "Dorset",
        "number": 9
      },
      {
        "city": "Dwight",
        "number": 15
      },
      {
        "city": "Algonquin Highlands",
        "number": 10
      },
      {
        "city": "Dorset ",
        "number": 1
      },
      {
        "city": "Centreton",
        "number": 3
      },
      {
        "city": "Vernonville",
        "number": 1
      },
      {
        "city": "Pointe au Baril",
        "number": 1
      },
      {
        "city": "Dungannon",
        "number": 1
      },
      {
        "city": "Athens",
        "number": 8
      },
      {
        "city": "North Augusta",
        "number": 2
      },
      {
        "city": "Maitland",
        "number": 1
      },
      {
        "city": "McKerrow",
        "number": 4
      },
      {
        "city": "Kagawong",
        "number": 9
      },
      {
        "city": "Val Gagne",
        "number": 4
      },
      {
        "city": "Holtyre",
        "number": 3
      },
      {
        "city": "Rutherglen",
        "number": 1
      },
      {
        "city": "Gratton",
        "number": 3
      },
      {
        "city": "Foymount",
        "number": 2
      },
      {
        "city": "Wilfrid",
        "number": 1
      },
      {
        "city": "Manilla",
        "number": 1
      },
      {
        "city": "Hardwood Lake",
        "number": 2
      },
      {
        "city": "Quadeville",
        "number": 3
      },
      {
        "city": "Brudenell",
        "number": 1
      },
      {
        "city": "Evansville",
        "number": 2
      },
      {
        "city": "Fort Stewart",
        "number": 1
      },
      {
        "city": "Boulter",
        "number": 2
      },
      {
        "city": "McArthurs Mills",
        "number": 1
      },
      {
        "city": "Belle Valleé",
        "number": 6
      },
      {
        "city": "Fraserville",
        "number": 1
      },
      {
        "city": "Arden",
        "number": 4
      },
      {
        "city": "Tichborne",
        "number": 1
      },
      {
        "city": "Godfrey",
        "number": 5
      },
      {
        "city": "sharbot Lake",
        "number": 1
      },
      {
        "city": "Elora ",
        "number": 1
      },
      {
        "city": "Chamberlain",
        "number": 3
      },
      {
        "city": "VAnkleek Hill",
        "number": 19
      },
      {
        "city": "Walters Falls",
        "number": 2
      },
      {
        "city": "Williamsford",
        "number": 1
      },
      {
        "city": "Coleman Township",
        "number": 3
      },
      {
        "city": "Florence",
        "number": 2
      },
      {
        "city": "Pinewood",
        "number": 1
      },
      {
        "city": "Young's Point",
        "number": 4
      },
      {
        "city": "East Garafraxa",
        "number": 4
      },
      {
        "city": " Ste-Anne-de-Prescott",
        "number": 1
      },
      {
        "city": "St Eugene",
        "number": 4
      },
      {
        "city": "Chute-à-Blondeau",
        "number": 3
      },
      {
        "city": "Grand Valley and area",
        "number": 2
      },
      {
        "city": "Cardinal",
        "number": 7
      },
      {
        "city": "Spencerville",
        "number": 6
      },
      {
        "city": "Johnstown",
        "number": 3
      },
      {
        "city": "Addison",
        "number": 6
      },
      {
        "city": "Lyn",
        "number": 3
      },
      {
        "city": "Thornton",
        "number": 4
      },
      {
        "city": "Utopia",
        "number": 3
      },
      {
        "city": "Baxter ",
        "number": 1
      },
      {
        "city": "Strickland",
        "number": 1
      },
      {
        "city": "Fauquier",
        "number": 11
      },
      {
        "city": "Mallorytown",
        "number": 8
      },
      {
        "city": "Howe Island",
        "number": 2
      },
      {
        "city": "Simcoe Island",
        "number": 1
      },
      {
        "city": "Honey Harbour",
        "number": 3
      },
      {
        "city": "Kemble",
        "number": 1
      },
      {
        "city": "Shallow Lake",
        "number": 2
      },
      {
        "city": "Griffith",
        "number": 2
      },
      {
        "city": "Guelph/Eramosa",
        "number": 1
      },
      {
        "city": "Township of Hamilton",
        "number": 1
      },
      {
        "city": "Harwood",
        "number": 1
      },
      {
        "city": "Camborne",
        "number": 1
      },
      {
        "city": "Hilliardton",
        "number": 1
      },
      {
        "city": "Hilton Beach",
        "number": 23
      },
      {
        "city": "Fordwich",
        "number": 1
      },
      {
        "city": "Holyrood",
        "number": 1
      },
      {
        "city": "Huron Twp",
        "number": 2
      },
      {
        "city": "Point Clark",
        "number": 6
      },
      {
        "city": "Whitechurch",
        "number": 2
      },
      {
        "city": "Huronville",
        "number": 1
      },
      {
        "city": "Lurgan Beach",
        "number": 1
      },
      {
        "city": "Elk lake",
        "number": 9
      },
      {
        "city": "Wilno",
        "number": 1
      },
      {
        "city": "Round Lake",
        "number": 1
      },
      {
        "city": "Kettleby",
        "number": 3
      },
      {
        "city": "Ansnorveldt",
        "number": 1
      },
      {
        "city": "Schomberg ",
        "number": 1
      },
      {
        "city": "Laird Township",
        "number": 6
      },
      {
        "city": "1",
        "number": 1
      },
      {
        "city": "Baysville",
        "number": 6
      },
      {
        "city": "Morson",
        "number": 2
      },
      {
        "city": "Bergland",
        "number": 2
      },
      {
        "city": "Larder Lake",
        "number": 12
      },
      {
        "city": "Seeley's Bay`",
        "number": 2
      },
      {
        "city": "Lyndhurst",
        "number": 7
      },
      {
        "city": "Lansdowne",
        "number": 10
      },
      {
        "city": "Escott",
        "number": 1
      },
      {
        "city": "Seeley's Bay",
        "number": 3
      },
      {
        "city": "Gilmour",
        "number": 4
      },
      {
        "city": "Clandeboye",
        "number": 1
      },
      {
        "city": "Granton ",
        "number": 1
      },
      {
        "city": "Granton",
        "number": 3
      },
      {
        "city": "Lucan ",
        "number": 7
      },
      {
        "city": "Springfield",
        "number": 4
      },
      {
        "city": "Moorefield",
        "number": 8
      },
      {
        "city": "Alma",
        "number": 2
      },
      {
        "city": "Kearns",
        "number": 1
      },
      {
        "city": "McKellar",
        "number": 7
      },
      {
        "city": "McKellar ",
        "number": 1
      },
      {
        "city": "Braeside",
        "number": 6
      },
      {
        "city": "Burnstown",
        "number": 2
      },
      {
        "city": "White Lake",
        "number": 3
      },
      {
        "city": "Mulmur",
        "number": 7
      },
      {
        "city": "Nairn Centre",
        "number": 7
      },
      {
        "city": "Golden Lake",
        "number": 4
      },
      {
        "city": "Winchester",
        "number": 16
      },
      {
        "city": "Chesterville",
        "number": 12
      },
      {
        "city": "Morewood ",
        "number": 3
      },
      {
        "city": "Hallville",
        "number": 1
      },
      {
        "city": "Inkerman",
        "number": 1
      },
      {
        "city": "South Mountain",
        "number": 1
      },
      {
        "city": " South Mountain",
        "number": 1
      },
      {
        "city": "Ompah",
        "number": 9
      },
      {
        "city": "Fernleigh",
        "number": 1
      },
      {
        "city": "Harlowe",
        "number": 4
      },
      {
        "city": "Mississippi",
        "number": 2
      },
      {
        "city": "Ardoch",
        "number": 2
      },
      {
        "city": "Snow Road",
        "number": 3
      },
      {
        "city": " Alexandria ",
        "number": 16
      },
      {
        "city": " Apple Hill  ",
        "number": 1
      },
      {
        "city": " Dalkeith ",
        "number": 1
      },
      {
        "city": " Maxville ",
        "number": 6
      },
      {
        "city": "Maxville ",
        "number": 1
      },
      {
        "city": " Glen Robertson ",
        "number": 1
      },
      {
        "city": "Blyth",
        "number": 8
      },
      {
        "city": "Woodview",
        "number": 3
      },
      {
        "city": "Glen Alda",
        "number": 2
      },
      {
        "city": "North Kawartha",
        "number": 1
      },
      {
        "city": "Algoma Mills",
        "number": 3
      },
      {
        "city": "Berwick",
        "number": 3
      },
      {
        "city": "Finch",
        "number": 5
      },
      {
        "city": "Avonmore",
        "number": 3
      },
      {
        "city": "O'Connor Township",
        "number": 4
      },
      {
        "city": "Opasatika",
        "number": 6
      },
      {
        "city": "Bailieboro",
        "number": 3
      },
      {
        "city": "Emsdale, ON",
        "number": 10
      },
      {
        "city": "Novar, ON",
        "number": 3
      },
      {
        "city": "Rannoch",
        "number": 2
      },
      {
        "city": "Avonton",
        "number": 1
      },
      {
        "city": "Woodham",
        "number": 1
      },
      {
        "city": "Kirkton",
        "number": 1
      },
      {
        "city": "Bruce Mines, On",
        "number": 1
      },
      {
        "city": "Prince Township",
        "number": 5
      },
      {
        "city": "Longford Mills",
        "number": 1
      },
      {
        "city": "Delta",
        "number": 10
      },
      {
        "city": "Elgin",
        "number": 7
      },
      {
        "city": "Portland",
        "number": 6
      },
      {
        "city": "Morton",
        "number": 1
      },
      {
        "city": "Newboro",
        "number": 4
      },
      {
        "city": "Lombardy",
        "number": 1
      },
      {
        "city": "Burks Falls",
        "number": 1
      },
      {
        "city": "Webbwood",
        "number": 4
      },
      {
        "city": "Walford",
        "number": 2
      },
      {
        "city": "Seguin",
        "number": 27
      },
      {
        "city": "Segiun",
        "number": 1
      },
      {
        "city": "Selwyn",
        "number": 4
      },
      {
        "city": "Selwyn Township",
        "number": 4
      },
      {
        "city": "COLDWATER",
        "number": 6
      },
      {
        "city": "SEVERN TOWNSHIP",
        "number": 9
      },
      {
        "city": "WASHAGO",
        "number": 2
      },
      {
        "city": "ORILLIA",
        "number": 2
      },
      {
        "city": "SEVERN BRIDGE",
        "number": 1
      },
      {
        "city": "WESTSHORE",
        "number": 1
      },
      {
        "city": "Madawaska ",
        "number": 6
      },
      {
        "city": "Iroquois",
        "number": 7
      },
      {
        "city": "Williamsburg",
        "number": 2
      },
      {
        "city": "Brinston",
        "number": 2
      },
      {
        "city": "Hartington",
        "number": 4
      },
      {
        "city": "Bradshaw",
        "number": 1
      },
      {
        "city": "Inverary",
        "number": 1
      },
      {
        "city": "Seeleys Bay",
        "number": 1
      },
      {
        "city": "Battersea",
        "number": 1
      },
      {
        "city": "Glen Walter, Ont",
        "number": 2
      },
      {
        "city": "Lancaster, Ont",
        "number": 2
      },
      {
        "city": "Williamstown, Ont",
        "number": 3
      },
      {
        "city": "North Lancaster, Ont",
        "number": 2
      },
      {
        "city": "Martintown, Ont",
        "number": 1
      },
      {
        "city": "South Lancaster, Ont",
        "number": 1
      },
      {
        "city": "Lancaster",
        "number": 1
      },
      {
        "city": "Long Sault",
        "number": 11
      },
      {
        "city": "Newington",
        "number": 2
      },
      {
        "city": "Egremont",
        "number": 2
      },
      {
        "city": "Fingal",
        "number": 5
      },
      {
        "city": "Talbotville",
        "number": 2
      },
      {
        "city": "Shedden",
        "number": 5
      },
      {
        "city": "Sombra",
        "number": 5
      },
      {
        "city": "Courtright",
        "number": 3
      },
      {
        "city": "Wilkesport",
        "number": 4
      },
      {
        "city": "Springbrook",
        "number": 4
      },
      {
        "city": "Camden East",
        "number": 1
      },
      {
        "city": "Tay Township",
        "number": 1
      },
      {
        "city": "Port McNIcoll",
        "number": 1
      },
      {
        "city": "Waverley",
        "number": 1
      },
      {
        "city": "Tehkummah",
        "number": 4
      },
      {
        "city": "S.Baymouth",
        "number": 5
      },
      {
        "city": "Millbridge",
        "number": 1
      },
      {
        "city": "Zephyr",
        "number": 1
      },
      {
        "city": "St Clements",
        "number": 4
      },
      {
        "city": "Hawkesville",
        "number": 1
      },
      {
        "city": "St Clement",
        "number": 1
      },
      {
        "city": "Damascus",
        "number": 2
      },
      {
        "city": "Kenilworth",
        "number": 3
      },
      {
        "city": "Caistor ",
        "number": 1
      },
      {
        "city": "Caistorville",
        "number": 1
      },
      {
        "city": "Foresters Falls",
        "number": 4
      },
      {
        "city": "Haley Station",
        "number": 2
      },
      {
        "city": "Baden ",
        "number": 5
      },
      {
        "city": "Mannheim",
        "number": 1
      },
      {
        "city": "St. Agatha",
        "number": 2
      },
      {
        "city": "Bloomingdale",
        "number": 1
      },
      {
        "city": "Conesotogo",
        "number": 1
      },
      {
        "city": "Floradale",
        "number": 1
      },
      {
        "city": "Cavan Monaghan",
        "number": 1
      },
      {
        "city": "Little Britian",
        "number": 1
      },
      {
        "city": "Severn Bridge",
        "number": 1
      },
      {
        "city": "Coboconck",
        "number": 1
      },
      {
        "city": "Haliburton ",
        "number": 1
      },
      {
        "city": "Ullswater",
        "number": 1
      },
      {
        "city": "Frankville",
        "number": 2
      },
      {
        "city": "L'Original",
        "number": 4
      },
      {
        "city": "Winchester Springs",
        "number": 2
      },
      {
        "city": "Green Valley",
        "number": 2
      },
      {
        "city": "Stonecliffe",
        "number": 4
      },
      {
        "city": "Cardinal ",
        "number": 1
      },
      {
        "city": "Alexandria ",
        "number": 1
      },
      {
        "city": "Lombardy ",
        "number": 1
      },
      {
        "city": "Long Sault ",
        "number": 1
      },
      {
        "city": "Merrickville ",
        "number": 1
      },
      {
        "city": "Athens ",
        "number": 1
      },
      {
        "city": "Dalkeith",
        "number": 1
      },
      {
        "city": "Lanark ",
        "number": 1
      },
      {
        "city": "Maxville",
        "number": 1
      },
      {
        "city": "Morrisburg ",
        "number": 1
      },
      {
        "city": "South Mountain ",
        "number": 1
      },
      {
        "city": "Chesterville ",
        "number": 1
      },
      {
        "city": "Portland ",
        "number": 1
      },
      {
        "city": "Ingleside ",
        "number": 1
      },
      {
        "city": "Bainsville ",
        "number": 1
      },
      {
        "city": "Kemptville ",
        "number": 1
      },
      {
        "city": "Oxford Mills ",
        "number": 1
      },
      {
        "city": "Westport ",
        "number": 1
      },
      {
        "city": "Avonmore ",
        "number": 1
      },
      {
        "city": "Salem",
        "number": 1
      },
      {
        "city": "Burk's Falls, Ontario",
        "number": 1
      },
      {
        "city": "Mt Forest",
        "number": 1
      },
      {
        "city": "River Canard",
        "number": 1
      },
      {
        "city": "Maidstone",
        "number": 1
      },
      {
        "city": "east gwillimbury",
        "number": 1
      },
      {
        "city": "Kleinberg",
        "number": 1
      },
      {
        "city": "Woodbridge",
        "number": 14
      },
      {
        "city": "Stouffville ",
        "number": 1
      },
      {
        "city": "Concord",
        "number": 2
      },
      {
        "city": "Sutton West",
        "number": 2
      }
    ]
  }
}